{"cameraMode":{"drawMode":0,"name":"Shaded","section":"Shading Mode"},"sceneLighting":false,"audioPlay":false,"sceneViewState":{"showFog":true,"showMaterialUpdate":false,"showSkybox":false,"showFlares":true,"showImageEffects":true,"showParticleSystems":true},"in2DMode":false,"pivot":{"x":-0.01219630241394043,"y":0.000006198883056640625,"z":-0.000003337860107421875},"rotation":{"x":-0.2960418462753296,"y":-0.08694662153720856,"z":0.026914525777101518,"w":-0.950886607170105},"size":17.74891471862793,"orthographic":false}