{"cameraMode":{"drawMode":0,"name":"Shaded","section":"Shading Mode"},"sceneLighting":false,"audioPlay":false,"sceneViewState":{"showFog":true,"showMaterialUpdate":false,"showSkybox":false,"showFlares":true,"showImageEffects":true,"showParticleSystems":true},"in2DMode":false,"pivot":{"x":0.000028313139409874566,"y":0.00004892143624601886,"z":0.00004402432750794105},"rotation":{"x":0.1834513247013092,"y":-0.1622825562953949,"z":-0.9691330194473267,"w":-0.030708929523825647},"size":0.00005715767838410102,"orthographic":false}