{"cameraMode":{"drawMode":0,"name":"Shaded","section":"Shading Mode"},"sceneLighting":true,"audioPlay":false,"sceneViewState":{"showFog":true,"showMaterialUpdate":false,"showSkybox":true,"showFlares":true,"showImageEffects":true,"showParticleSystems":true},"in2DMode":false,"pivot":{"x":-1.279719352722168,"y":4.233675956726074,"z":-11.633731842041016},"rotation":{"x":0.18276557326316834,"y":0.6657814979553223,"z":-0.17344991862773896,"w":0.702345609664917},"size":22.0,"orthographic":false}