{"cameraMode":{"drawMode":0,"name":"Shaded","section":"Shading Mode"},"sceneLighting":false,"audioPlay":false,"sceneViewState":{"showFog":true,"showMaterialUpdate":false,"showSkybox":false,"showFlares":true,"showImageEffects":true,"showParticleSystems":true},"in2DMode":false,"pivot":{"x":-0.6778731346130371,"y":2.700176239013672,"z":-0.5871202945709229},"rotation":{"x":-0.002843274502083659,"y":-0.47132328152656557,"z":-0.0016635782085359097,"w":0.8819765448570252},"size":4.43426513671875,"orthographic":false}