{"cameraMode":{"drawMode":0,"name":"Shaded","section":"Shading Mode"},"sceneLighting":false,"audioPlay":false,"sceneViewState":{"showFog":true,"showMaterialUpdate":false,"showSkybox":false,"showFlares":true,"showImageEffects":true,"showParticleSystems":true},"in2DMode":false,"pivot":{"x":38.291595458984378,"y":76.41016387939453,"z":-22.579065322875978},"rotation":{"x":-0.23918083310127259,"y":0.7604120373725891,"z":0.44138485193252566,"w":0.41218358278274538},"size":81.91056060791016,"orthographic":false}