{"cameraMode":{"drawMode":0,"name":"Shaded","section":"Shading Mode"},"sceneLighting":false,"audioPlay":false,"sceneViewState":{"showFog":true,"showMaterialUpdate":false,"showSkybox":false,"showFlares":true,"showImageEffects":true,"showParticleSystems":true},"in2DMode":false,"pivot":{"x":3.2326271533966066,"y":3.776289463043213,"z":-3.4469711780548097},"rotation":{"x":0.000532492995262146,"y":-0.999477744102478,"z":0.027000870555639268,"w":0.0197849553078413},"size":16.590805053710939,"orthographic":false}