{"cameraMode":{"drawMode":0,"name":"Shaded","section":"Shading Mode"},"sceneLighting":false,"audioPlay":false,"sceneViewState":{"showFog":true,"showMaterialUpdate":false,"showSkybox":false,"showFlares":true,"showImageEffects":true,"showParticleSystems":true},"in2DMode":false,"pivot":{"x":2.950000047683716,"y":2.3399999141693117,"z":-3.9000000953674318},"rotation":{"x":0.2190689891576767,"y":-0.5702365040779114,"z":0.16113947331905366,"w":0.7752134799957275},"size":0.8573657274246216,"orthographic":false}