{"cameraMode":{"drawMode":0,"name":"Shaded","section":"Shading Mode"},"sceneLighting":false,"audioPlay":false,"sceneViewState":{"showFog":true,"showMaterialUpdate":false,"showSkybox":false,"showFlares":true,"showImageEffects":true,"showParticleSystems":true},"in2DMode":false,"pivot":{"x":-4.235409736633301,"y":-1.8574678897857667,"z":6.505611896514893},"rotation":{"x":-0.1314372569322586,"y":0.6624674797058106,"z":-0.11983907222747803,"w":-0.7277705073356628},"size":14.665307998657227,"orthographic":false}