{"cameraMode":{"drawMode":0,"name":"Shaded","section":"Shading Mode"},"sceneLighting":false,"audioPlay":false,"sceneViewState":{"showFog":true,"showMaterialUpdate":false,"showSkybox":false,"showFlares":true,"showImageEffects":true,"showParticleSystems":true},"in2DMode":false,"pivot":{"x":0.12276935577392578,"y":-0.06546401977539063,"z":-0.7956461310386658},"rotation":{"x":0.4088142216205597,"y":-0.5725146532058716,"z":0.39700618386268618,"w":0.5895509719848633},"size":17.475900650024415,"orthographic":false}