{"cameraMode":{"drawMode":0,"name":"Shaded","section":"Shading Mode"},"sceneLighting":false,"audioPlay":false,"sceneViewState":{"showFog":true,"showMaterialUpdate":false,"showSkybox":false,"showFlares":true,"showImageEffects":true,"showParticleSystems":true},"in2DMode":false,"pivot":{"x":-0.6872890591621399,"y":2.700176239013672,"z":-0.33247941732406618},"rotation":{"x":0.27590858936309817,"y":-0.3923099935054779,"z":0.12448418140411377,"w":0.8686286807060242},"size":3.632164478302002,"orthographic":false}